{"cameraMode":{"drawMode":0,"name":"Shaded","section":"Shading Mode"},"sceneLighting":true,"audioPlay":false,"sceneViewState":{"showFog":true,"showMaterialUpdate":false,"showSkybox":true,"showFlares":true,"showImageEffects":true,"showParticleSystems":true},"in2DMode":false,"pivot":{"x":639.5924072265625,"y":222.17626953125,"z":-231.9149932861328},"rotation":{"x":0.16128085553646089,"y":0.011842808686196804,"z":-0.0019354530377313495,"w":0.9868355989456177},"size":449.6006164550781,"orthographic":false}