{"cameraMode":{"drawMode":0,"name":"Shaded","section":"Shading Mode"},"sceneLighting":false,"audioPlay":false,"sceneViewState":{"showFog":true,"showMaterialUpdate":false,"showSkybox":false,"showFlares":true,"showImageEffects":true,"showParticleSystems":true},"in2DMode":false,"pivot":{"x":-62.78070068359375,"y":135.51629638671876,"z":-23.76519775390625},"rotation":{"x":0.004187293816357851,"y":-0.9682806730270386,"z":0.24930673837661744,"w":0.01626504957675934},"size":2148.884521484375,"orthographic":false}