{"cameraMode":{"drawMode":0,"name":"Shaded","section":"Shading Mode"},"sceneLighting":true,"audioPlay":false,"sceneViewState":{"showFog":true,"showMaterialUpdate":false,"showSkybox":true,"showFlares":true,"showImageEffects":true,"showParticleSystems":true},"in2DMode":false,"pivot":{"x":0.15841947495937348,"y":-1.0590029954910279,"z":-2.483924388885498},"rotation":{"x":0.34100455045700076,"y":-0.008460385724902153,"z":0.0030691258143633606,"w":0.9400188326835632},"size":3.580658197402954,"orthographic":false}