{"cameraMode":{"drawMode":0,"name":"Shaded","section":"Shading Mode"},"sceneLighting":false,"audioPlay":false,"sceneViewState":{"showFog":true,"showMaterialUpdate":false,"showSkybox":false,"showFlares":true,"showImageEffects":true,"showParticleSystems":true},"in2DMode":false,"pivot":{"x":-0.15450000762939454,"y":2.9099998474121095,"z":3.6010000705718996},"rotation":{"x":0.15958759188652039,"y":-0.3194016218185425,"z":0.054667629301548007,"w":0.9324936270713806},"size":13.670230865478516,"orthographic":false}