{"cameraMode":{"drawMode":0,"name":"Shaded","section":"Shading Mode"},"sceneLighting":true,"audioPlay":false,"sceneViewState":{"showFog":true,"showMaterialUpdate":false,"showSkybox":true,"showFlares":true,"showImageEffects":true,"showParticleSystems":true},"in2DMode":false,"pivot":{"x":-0.23383668065071107,"y":-5.371418476104736,"z":17.36442756652832},"rotation":{"x":0.2563871145248413,"y":-0.03913331404328346,"z":0.01038935873657465,"w":0.9657262563705444},"size":350.2666931152344,"orthographic":true}