{"cameraMode":{"drawMode":0,"name":"Shaded","section":"Shading Mode"},"sceneLighting":true,"audioPlay":false,"sceneViewState":{"showFog":true,"showMaterialUpdate":false,"showSkybox":true,"showFlares":true,"showImageEffects":true,"showParticleSystems":true},"in2DMode":false,"pivot":{"x":-5.283185958862305,"y":5.819112300872803,"z":-31.862228393554689},"rotation":{"x":0.12967118620872498,"y":0.08318780362606049,"z":-0.010918091051280499,"w":0.988000750541687},"size":8.525650024414063,"orthographic":true}