{"cameraMode":{"drawMode":0,"name":"Shaded","section":"Shading Mode"},"sceneLighting":false,"audioPlay":false,"sceneViewState":{"showFog":true,"showMaterialUpdate":false,"showSkybox":false,"showFlares":true,"showImageEffects":true,"showParticleSystems":true},"in2DMode":false,"pivot":{"x":-9.357770919799805,"y":155.8040313720703,"z":-42.27524185180664},"rotation":{"x":0.08170062303543091,"y":0.756290078163147,"z":0.09625580906867981,"w":-0.6419384479522705},"size":1216.1961669921875,"orthographic":true}