{"cameraMode":{"drawMode":0,"name":"Shaded","section":"Shading Mode"},"sceneLighting":true,"audioPlay":false,"sceneViewState":{"showFog":true,"showMaterialUpdate":false,"showSkybox":true,"showFlares":true,"showImageEffects":true,"showParticleSystems":true},"in2DMode":false,"pivot":{"x":500.0996398925781,"y":284.3022155761719,"z":5.900848388671875},"rotation":{"x":0.1256626546382904,"y":0.008928721770644188,"z":-0.0011300380574539304,"w":0.992033064365387},"size":654.9384765625,"orthographic":true}