{"cameraMode":{"drawMode":0,"name":"Shaded","section":"Shading Mode"},"sceneLighting":true,"audioPlay":false,"sceneViewState":{"showFog":true,"showMaterialUpdate":false,"showSkybox":true,"showFlares":true,"showImageEffects":true,"showParticleSystems":true},"in2DMode":false,"pivot":{"x":0.10729366540908814,"y":3.038578987121582,"z":9.360308647155762},"rotation":{"x":-0.15931503474712373,"y":0.07781293243169785,"z":-0.012597193941473961,"w":-0.984078586101532},"size":11.358356475830079,"orthographic":true}