{"cameraMode":{"drawMode":0,"name":"Shaded","section":"Shading Mode"},"sceneLighting":true,"audioPlay":false,"sceneViewState":{"showFog":true,"showMaterialUpdate":false,"showSkybox":true,"showFlares":true,"showImageEffects":true,"showParticleSystems":true},"in2DMode":false,"pivot":{"x":519.5518798828125,"y":288.3898010253906,"z":182.5839080810547},"rotation":{"x":0.0629558190703392,"y":0.00898202694952488,"z":-0.0005666175857186317,"w":0.9979758262634277},"size":996.2778930664063,"orthographic":false}